"Data","Último","Abertura","Máxima","Mínima","Vol.","Var%"
"22.09.2025","17,95","18,75","18,77","17,95","20,74M","-5,38%"
"19.09.2025","18,97","19,51","19,54","18,41","26,92M","-11,52%"
"18.09.2025","21,44","22,21","22,49","21,41","11,06M","-2,68%"
"17.09.2025","22,03","22,15","22,53","21,81","8,07M","-0,54%"
"16.09.2025","22,15","21,23","22,15","21,21","12,45M","16,62%"
"15.09.2025","18,99","19,11","19,32","18,93","24,13M","0,53%"
"12.09.2025","18,89","18,60","19,12","18,60","10,78M","-8,55%"
"11.09.2025","20,66","20,45","21,08","20,42","7,44M","2,08%"
"10.09.2025","20,24","19,83","20,37","19,53","6,77M","2,79%"
"09.09.2025","19,69","19,10","19,85","18,91","11,26M","4,12%"
"08.09.2025","18,91","19,86","19,90","18,91","5,13M","-4,35%"
"05.09.2025","19,77","19,99","20,08","19,44","12,73M","-0,65%"
"04.09.2025","19,90","19,88","20,09","19,75","6,54M","0,00%"
"03.09.2025","19,90","19,74","20,10","19,34","12,70M","0,86%"
"02.09.2025","19,73","20,05","20,11","19,70","188,85M","-1,99%"
"01.09.2025","20,13","20,49","21,14","20,13","3,20M","-2,42%"
"29.08.2025","20,63","19,87","20,78","19,79","14,01M","3,62%"
"28.08.2025","19,91","19,90","20,27","19,78","5,38M","-0,05%"
"27.08.2025","19,92","19,75","19,92","19,64","6,21M","0,45%"
"26.08.2025","19,83","19,79","19,94","19,49","7,70M","-0,25%"
"25.08.2025","19,88","19,90","19,94","19,67","6,52M","-0,05%"
"22.08.2025","19,89","19,68","19,97","19,61","8,44M","0,10%"
"21.08.2025","19,87","19,62","19,90","19,22","5,78M","0,20%"
"20.08.2025","19,83","19,93","19,93","19,20","6,77M","-0,35%"
"19.08.2025","19,90","19,64","19,95","19,32","5,57M","0,00%"
"18.08.2025","19,90","19,93","20,09","19,69","5,90M","-0,15%"
"15.08.2025","19,93","19,02","20,19","18,68","9,01M","5,62%"
"14.08.2025","18,87","18,60","18,87","18,32","4,10M","0,00%"
"13.08.2025","18,87","19,13","19,21","18,59","4,77M","-1,87%"
"12.08.2025","19,23","19,31","19,60","19,08","5,29M","0,16%"
"11.08.2025","19,20","19,42","19,57","19,00","4,01M","-1,29%"
"08.08.2025","19,45","19,59","20,15","19,33","4,90M","-0,71%"
"07.08.2025","19,59","19,57","19,77","19,41","2,13M","0,10%"
"06.08.2025","19,57","19,50","19,65","19,21","3,36M","1,14%"
"05.08.2025","19,35","19,66","20,00","19,04","5,86M","-1,43%"
"04.08.2025","19,63","20,50","20,91","19,50","6,75M","-3,40%"
"01.08.2025","20,32","20,30","21,55","19,74","9,66M","1,35%"
"31.07.2025","20,05","21,09","21,09","20,05","7,45M","-5,65%"
"30.07.2025","21,25","20,65","21,55","20,59","4,00M","2,46%"
"29.07.2025","20,74","21,00","21,00","20,67","1,33M","-0,14%"
"28.07.2025","20,77","20,99","21,08","20,74","1,93M","-0,57%"
"25.07.2025","20,89","21,18","21,21","20,88","1,98M","-0,95%"
"24.07.2025","21,09","21,60","21,62","20,99","2,42M","-3,03%"
"23.07.2025","21,75","21,85","22,00","21,48","2,51M","-1,85%"
"22.07.2025","22,16","21,35","22,16","21,20","4,72M","3,55%"
"21.07.2025","21,40","20,40","21,62","20,28","3,55M","4,90%"
"18.07.2025","20,40","20,41","20,57","20,10","11,31M","-0,92%"
"17.07.2025","20,59","20,76","20,84","20,51","2,93M","-0,96%"
"16.07.2025","20,79","21,01","21,10","20,48","3,93M","-1,00%"
"15.07.2025","21,00","20,90","21,21","20,69","4,60M","0,00%"
"14.07.2025","21,00","21,92","21,93","20,56","11,00M","-4,55%"
"11.07.2025","22,00","22,74","22,83","21,86","11,19M","-4,35%"
"10.07.2025","23,00","21,90","23,15","21,61","38,78M","2,22%"
"09.07.2025","22,50","22,07","23,17","21,48","50,04M","1,67%"
"08.07.2025","22,13","21,50","22,19","21,33","24,02M","1,93%"
"07.07.2025","21,71","19,75","21,71","19,62","22,32M","9,37%"
"04.07.2025","19,85","19,15","19,85","18,86","6,21M","3,44%"
"03.07.2025","19,19","19,67","19,74","19,19","5,03M","-2,19%"
"02.07.2025","19,62","20,00","20,01","19,62","3,98M","-1,90%"
"01.07.2025","20,00","20,21","20,21","19,62","9,34M","-0,70%"
"30.06.2025","20,14","19,87","20,34","19,62","4,51M","1,21%"
"27.06.2025","19,90","19,91","19,92","19,48","5,95M","-1,00%"
"26.06.2025","20,10","20,00","20,19","19,81","3,42M","0,45%"
"25.06.2025","20,01","20,75","20,79","19,97","6,23M","-3,57%"
"24.06.2025","20,75","21,79","21,79","20,75","6,33M","-4,64%"
"23.06.2025","21,76","20,54","21,92","20,25","10,56M","4,67%"
"20.06.2025","20,79","20,65","20,79","19,83","26,17M","-0,62%"
"18.06.2025","20,92","20,42","21,55","20,05","30,60M","2,10%"
"17.06.2025","20,49","20,55","20,65","19,62","17,65M","-0,05%"
"16.06.2025","20,50","21,17","21,50","20,19","9,89M","-2,38%"
"13.06.2025","21,00","20,55","21,02","20,09","10,33M","1,50%"
"12.06.2025","20,69","21,22","21,30","20,32","10,50M","-3,14%"
"11.06.2025","21,36","21,51","21,62","21,22","5,62M","-0,70%"
"10.06.2025","21,51","21,15","21,63","21,09","10,99M","2,43%"
"09.06.2025","21,00","20,47","21,07","20,34","7,38M","2,34%"
"06.06.2025","20,52","20,52","20,84","20,38","4,53M","0,10%"
"05.06.2025","20,50","20,45","20,65","20,27","5,26M","0,00%"
"04.06.2025","20,50","20,65","20,77","20,33","9,39M","0,00%"
"03.06.2025","20,50","20,45","20,86","20,45","4,58M","0,00%"
"02.06.2025","20,50","20,35","20,66","20,09","8,24M","0,99%"
"30.05.2025","20,30","20,58","20,70","20,24","5,00M","-1,26%"
"29.05.2025","20,56","20,27","20,74","20,09","6,89M","0,83%"
"28.05.2025","20,39","20,64","20,88","20,15","8,83M","-0,83%"
"27.05.2025","20,56","21,70","21,70","20,50","9,75M","-3,52%"
"26.05.2025","21,31","21,44","21,53","20,97","2,67M","-0,51%"
"23.05.2025","21,42","21,43","21,63","20,78","14,11M","0,00%"
"22.05.2025","21,42","21,14","21,68","21,05","14,23M","1,81%"
"21.05.2025","21,04","21,10","21,70","20,95","11,77M","0,19%"
"20.05.2025","21,00","20,67","21,54","20,66","10,21M","2,44%"
"19.05.2025","20,50","20,05","20,81","20,04","12,41M","-1,35%"
"16.05.2025","20,78","19,50","20,91","19,24","43,36M","0,78%"
"15.05.2025","20,62","19,86","21,13","19,80","16,88M","4,78%"
"14.05.2025","19,68","20,35","21,06","19,54","11,29M","-2,57%"
"13.05.2025","20,20","19,90","20,42","19,62","9,70M","2,49%"
"12.05.2025","19,71","19,37","19,77","18,99","8,38M","2,66%"
"09.05.2025","19,20","20,31","20,57","19,20","8,78M","-5,84%"
"08.05.2025","20,39","20,61","20,95","20,20","8,27M","0,64%"
"07.05.2025","20,26","20,47","20,49","19,93","5,17M","-0,44%"
"06.05.2025","20,35","21,50","21,63","20,17","10,50M","-5,08%"
"05.05.2025","21,44","22,59","22,59","21,14","7,52M","-4,54%"
"02.05.2025","22,46","22,55","22,70","22,11","5,56M","-1,06%"
"30.04.2025","22,70","22,73","22,88","22,49","5,62M","-0,22%"
"29.04.2025","22,75","22,77","23,04","22,70","6,05M","0,22%"
"28.04.2025","22,70","23,05","23,31","22,62","8,70M","-0,87%"
"25.04.2025","22,90","22,14","23,07","22,07","10,86M","4,04%"
"24.04.2025","22,01","21,78","22,28","21,56","8,69M","2,42%"
"23.04.2025","21,49","22,00","22,20","21,49","7,53M","-1,33%"
"22.04.2025","21,78","21,38","21,97","21,14","9,93M","2,98%"
"17.04.2025","21,15","20,73","21,58","20,58","7,66M","2,27%"
"16.04.2025","20,68","20,48","21,25","20,45","9,15M","0,05%"
"15.04.2025","20,67","20,40","20,78","20,33","4,40M","1,27%"
"14.04.2025","20,41","20,86","20,98","20,32","5,40M","-0,63%"
"11.04.2025","20,54","20,48","21,00","20,26","4,91M","0,93%"
"10.04.2025","20,35","20,31","21,12","20,07","5,05M","-1,02%"
"09.04.2025","20,56","18,93","20,99","18,85","9,42M","7,87%"
"08.04.2025","19,06","19,20","19,41","18,77","4,99M","-0,73%"
"07.04.2025","19,20","18,95","19,60","18,87","6,94M","-0,26%"
"04.04.2025","19,25","19,33","20,14","19,25","7,68M","-1,99%"
"03.04.2025","19,64","19,77","19,97","19,40","4,80M","-0,81%"
"02.04.2025","19,80","20,07","20,07","19,58","6,74M","-1,69%"
"01.04.2025","20,14","19,51","20,32","19,45","6,58M","2,34%"
"31.03.2025","19,68","19,60","20,07","19,48","5,67M","-0,15%"
"28.03.2025","19,71","20,17","20,36","19,65","6,18M","-2,62%"
"27.03.2025","20,24","19,77","20,88","19,77","11,67M","2,64%"
"26.03.2025","19,72","19,94","20,10","19,47","5,61M","-0,45%"
"25.03.2025","19,81","19,67","20,20","19,45","5,93M","2,01%"
"24.03.2025","19,42","20,04","20,04","19,17","4,77M","-2,07%"
"21.03.2025","19,83","19,87","19,99","19,53","9,86M","0,05%"
"20.03.2025","19,82","19,44","20,29","19,35","9,50M","1,33%"
"19.03.2025","19,56","19,62","20,00","19,46","9,68M","-0,41%"
"18.03.2025","19,64","18,46","19,69","18,43","10,73M","7,15%"
"17.03.2025","18,33","18,19","18,34","17,31","14,07M","1,21%"
"14.03.2025","18,11","18,74","18,75","18,11","8,47M","-2,37%"
"13.03.2025","18,55","19,11","19,17","18,47","5,68M","-2,83%"
"12.03.2025","19,09","18,51","19,09","18,51","7,30M","3,24%"
"11.03.2025","18,49","18,86","19,15","18,39","7,01M","-2,07%"
"10.03.2025","18,88","19,01","19,30","18,80","5,55M","-1,56%"
"07.03.2025","19,18","18,37","19,34","18,37","8,32M","3,68%"
"06.03.2025","18,50","18,76","19,60","18,50","10,56M","-0,80%"
"05.03.2025","18,65","18,24","19,09","17,96","12,25M","4,02%"
"28.02.2025","17,93","18,30","18,58","17,83","14,58M","-2,55%"
"27.02.2025","18,40","18,20","18,70","17,33","53,80M","-3,21%"
"26.02.2025","19,01","19,04","19,32","18,58","9,13M","0,80%"
"25.02.2025","18,86","18,70","19,22","18,61","8,28M","0,86%"
"24.02.2025","18,70","19,06","19,30","18,58","5,18M","-1,58%"
"21.02.2025","19,00","18,73","19,04","18,64","4,62M","1,44%"
"20.02.2025","18,73","19,03","19,15","18,68","6,13M","-1,58%"
"19.02.2025","19,03","19,05","19,25","18,84","5,36M","-0,83%"
"18.02.2025","19,19","19,62","19,62","19,02","6,46M","-1,69%"
"17.02.2025","19,52","20,08","20,10","19,52","4,98M","-2,50%"
"14.02.2025","20,02","19,65","20,05","18,94","13,40M","2,82%"
"13.02.2025","19,47","20,24","20,33","19,36","9,72M","-3,76%"
"12.02.2025","20,23","20,74","20,81","20,10","6,77M","-3,94%"
"11.02.2025","21,06","21,39","21,46","20,80","6,10M","-1,36%"
"10.02.2025","21,35","20,90","21,55","20,72","5,26M","3,44%"
"07.02.2025","20,64","21,12","21,26","20,53","4,43M","-2,50%"
"06.02.2025","21,17","20,95","21,29","20,94","3,97M","0,67%"
"05.02.2025","21,03","20,80","21,03","20,48","9,84M","1,15%"
"04.02.2025","20,79","21,54","21,60","20,52","10,86M","-3,53%"
"03.02.2025","21,55","21,90","22,37","21,31","9,42M","-1,55%"
"31.01.2025","21,89","21,98","22,39","21,89","5,45M","-0,50%"
"30.01.2025","22,00","21,98","22,42","21,71","8,11M","-0,14%"
"29.01.2025","22,03","22,20","22,20","21,77","4,07M","0,14%"
"28.01.2025","22,00","22,37","22,43","21,90","4,97M","-1,48%"
"27.01.2025","22,33","21,82","22,42","21,78","5,52M","2,06%"
"24.01.2025","21,88","21,72","22,03","21,60","6,15M","0,60%"
"23.01.2025","21,75","22,00","22,37","21,40","11,02M","-1,32%"
"22.01.2025","22,04","22,27","22,65","21,62","9,72M","1,33%"
"21.01.2025","21,75","23,29","23,37","21,21","26,29M","-6,61%"
"20.01.2025","23,29","22,80","23,50","22,72","3,50M","2,24%"
"17.01.2025","22,78","22,53","23,24","22,32","6,84M","1,38%"
"16.01.2025","22,47","24,16","24,22","22,47","8,37M","-6,96%"
"15.01.2025","24,15","24,00","24,32","23,68","5,86M","1,60%"
"14.01.2025","23,77","23,58","23,88","23,40","10,11M","0,93%"
"13.01.2025","23,55","23,55","23,65","23,19","5,09M","0,13%"
"10.01.2025","23,52","23,48","23,70","22,95","13,23M","0,17%"
"09.01.2025","23,48","23,15","23,56","22,55","6,03M","0,99%"
"08.01.2025","23,25","23,65","23,70","23,14","4,89M","-1,98%"
"07.01.2025","23,72","23,86","24,12","23,49","6,58M","-0,38%"
"06.01.2025","23,81","24,15","24,33","23,61","4,50M","-0,83%"
"03.01.2025","24,01","24,76","24,78","23,96","5,51M","-3,19%"
"02.01.2025","24,80","25,16","25,22","24,52","6,80M","-2,21%"